locus_tag,gene_name,ncrna,start,end,strand,read_count,ins_index,gene_length,ins_count,fcn
b0001,thrL,0,190,255,1,0,0,66,0,thr operon leader peptide
b0016,insL1,0,15445,16557,1,0,0,1113,0,IS186/IS421 transposase
b0018,mokC,0,16751,16960,-1,0,0,210,0,regulatory protein MokC
b4412,hokC,0,16751,16903,-1,0,0,153,0,protein HokC
b4413,sokC,0,16952,17006,1,0,0,55,0,
b0019,nhaA,0,17489,18655,1,0,0,1167,0,Na(+):H(+) antiporter NhaA
b0021,insB1,0,19811,20314,-1,0,0,504,0,IS1 protein InsB
b0022,insA1,0,20233,20508,-1,0,0,276,0,IS1 protein InsA
b0023,rpsT,0,20815,21078,-1,0,0,264,0,30S ribosomal subunit protein S20
b0024,yaaY,0,21181,21399,1,0,0,219,0,DUF2575 domain-containing protein YaaY
b0027,lspA,0,25207,25701,1,0,0,495,0,lipoprotein signal peptidase
b0035,caiE,0,34781,35371,-1,0,0,591,0,putative transferase CaiE
b0044,fixX,0,45463,45750,1,0,0,288,0,putative ferredoxin FixX
b0048,folA,0,49823,50302,1,0,0,480,0,dihydrofolate reductase
b4662,sgrT,0,77388,77519,1,0,0,132,0,putative inhibitor of the PtsG glucose transporter
b0075,leuL,0,83622,83708,-1,0,0,87,0,leu operon leader peptide
b4726,yabR,0,85467,85511,-1,0,0,45,0,protein YabR
b0081,mraZ,0,89634,90092,1,0,0,459,0,DNA-binding transcriptional repressor MraZ
b0085,murE,0,93166,94653,1,0,0,1488,0,UDP-N-acetylmuramoyl-L-alanyl-D-glutamate--2, 6-diaminopimelate ligase
b0092,ddlB,0,102233,103153,1,0,0,921,0,D-alanine--D-alanine ligase B
b0096,lpxC,0,106557,107474,1,0,0,918,0,UDP-3-O-acyl-N-acetylglucosamine deacetylase
b0101,yacG,0,111649,111846,-1,0,0,198,0,DNA gyrase inhibitor YacG
b4727,yacM,0,113244,113288,1,0,0,45,0,protein YacM
b0113,pdhR,0,122092,122856,1,0,0,765,0,DNA-binding transcriptional dual regulator PdhR
b0126,can,0,142008,142670,-1,0,0,663,0,carbonic anhydrase 2
b0142,folK,0,157253,157732,-1,0,0,480,0,2-amino-4-hydroxy-6-hydroxymethyldihydropteridine diphosphokinase
b4728,yadW,0,176552,176617,1,0,0,66,0,protein YadW
b0159,mtn,0,178455,179153,-1,0,0,699,0,5'-methylthioadenosine/S-adenosylhomocysteine nucleosidase
b4414,tff,0,189712,189847,1,0,0,136,0,
b0171,pyrH,0,191855,192580,1,0,0,726,0,UMP kinase
b0172,frr,0,192872,193429,1,0,0,558,0,ribosome-recycling factor
b0178,skp,0,200482,200967,1,0,0,486,0,periplasmic chaperone Skp
b0180,fabZ,0,202101,202556,1,0,0,456,0,3-hydroxy-acyl-[acyl-carrier-protein] dehydratase
b0182,lpxB,0,203348,204496,1,0,0,1149,0,lipid A disaccharide synthase
b4406,yaeP,0,213925,214125,-1,0,0,201,0,UPF0253 family protein YaeP
b0201,rrsH,0,223771,225312,1,0,0,1542,0,
b0202,ileV,0,225381,225457,1,0,0,77,0,
b0203,alaV,0,225500,225575,1,0,0,76,0,
b0204,rrlH,0,225759,228662,1,0,0,2904,0,
b0205,rrfH,0,228756,228875,1,0,0,120,0,
b0206,aspU,0,228928,229004,1,0,0,77,0,
b0214,rnhA,0,235535,236002,-1,0,0,468,0,ribonuclease HI
b0215,dnaQ,0,236067,236798,1,0,0,732,0,DNA polymerase III subunit epsilon
b0216,aspV,0,236931,237007,1,0,0,77,0,
b4586,ykfM,0,238257,238736,-1,0,0,480,0,uncharacterized protein YkfM
b4503,yafF,0,239190,239378,1,0,0,189,0,pseudogene
b0226,dinJ,0,246242,246502,-1,0,0,261,0,antitoxin/DNA-binding transcriptional repressor DinJ
b0236,prfH,0,253702,254202,1,0,0,501,0,pseudogene
b0238,gpt,0,255977,256435,1,0,0,459,0,xanthine-guanine phsophoribosyltransferase
b0239,frsA,0,256527,257771,1,0,0,1245,0,fermentation-respiration switch protein
b0240,crl,0,257829,259006,1,0,0,1178,0,pseudogene
b4710,insB9,0,257923,258426,-1,0,0,504,0,IS1 transposase B
b4709,insA9,0,258345,258620,-1,0,0,276,0,IS1 repressor TnpA
b0241,phoE,0,259045,260100,-1,0,0,1056,0,outer membrane porin PhoE
b0242,proB,0,260388,261491,1,0,0,1104,0,glutamate 5-kinase
b0243,proA,0,261503,262756,1,0,0,1254,0,glutamate-5-semialdehyde dehydrogenase
b0244,thrW,0,262871,262946,1,0,0,76,0,
b4626,ykfN,0,263150,263212,-1,0,0,63,0,pseudogene
b0245,ykfI,0,263328,263669,-1,0,0,342,0,CP4-6 prophage; toxin of the YkfI-YafW toxin-antitoxin system
b0246,yafW,0,263690,264007,-1,0,0,318,0,antitoxin of the YkfI-YafW toxin-antitoxin pair
b4504,ykfH,0,264026,264247,-1,0,0,222,0,DUF987 domain-containing protein YkfH
b0247,ykfG,0,264256,264732,-1,0,0,477,0,CP4-6 prophage; RadC-like JAB domain-containing protein YkfG
b0248,yafX,0,264748,265206,-1,0,0,459,0,CP4-6 prophage; protein YafX
b0249,ykfF,0,265304,265543,-1,0,0,240,0,CP4-6 prophage; protein YkfF
b0250,ykfB,0,265620,266087,-1,0,0,468,0,CP4-6 prophage; protein YkfB
b0251,yafY,0,266110,266553,-1,0,0,444,0,CP4-6 prophage; inner membrane lipoprotein YafY
b4627,ykfL,0,266553,266774,-1,0,0,222,0,pseudogene
b4628,ykfK,0,266776,266967,-1,0,0,192,0,pseudogene
b0252,yafZ,0,267184,268005,-1,0,0,822,0,CP4-6 prophage; conserved protein YafZ
b0253,ykfA,0,268097,268960,-1,0,0,864,0,CP4-6 prophage; putative GTP-binding protein YkfA
b0254,perR,0,269289,270182,-1,0,0,894,0,putative transcriptional regulator PerR
b4587,insN,0,270278,272190,1,0,0,1913,0,pseudogene
b0256,insI1,0,270603,271754,1,0,0,1152,0,IS30 transposase
b4690,eyeA,0,272580,272654,1,0,0,75,0,
b0258,ykfC,0,272847,273992,1,0,0,1146,0,CP4-6 prophage; PF00078 domain-containing protein YkfC
b0259,insH1,0,274101,275117,-1,0,0,1017,0,CP4-6 prophage; IS5 transposase and trans-activator
b0264,insB2,0,279178,279681,-1,0,0,504,0,IS1 protein InsB
b0265,insA2,0,279600,279875,-1,0,0,276,0,IS1 protein InsA
b4708,insI2,0,279931,280104,1,0,0,174,0,pseudogene
b4505,insX,0,280114,280362,-1,0,0,249,0,pseudogene
b4688,ykgS,0,290510,290638,1,0,0,129,0,CP4-6 prophage; protein YkgS
b0274,insB3,0,290649,291152,-1,0,0,504,0,IS1 protein InsB
b0275,insA3,0,291071,291346,-1,0,0,276,0,IS1 protein InsA
b4729,ykgV,0,294918,295142,-1,0,0,225,0,protein YkgV
b0295,ykgL,0,312112,312339,1,0,0,228,0,uncharacterized protein YkgL
b4506,ykgO,0,312374,312514,-1,0,0,141,0,putative ribosomal protein
b4630,ykgP,0,313716,313805,-1,0,0,90,0,pseudogene
b0298,insE1,0,315291,315590,1,0,0,300,0,IS3 element protein InsE
b0299,insF1,0,315587,316453,1,0,0,867,0,IS3 element protein InsF
b0313,betI,0,328747,329334,-1,0,0,588,0,DNA-binding transcriptional repressor BetI
b4730,yahV,0,331802,331876,1,0,0,75,0,protein YahV
b0317,yahC,0,334525,335022,-1,0,0,498,0,uncharacterized protein YahC
b0322,yahH,0,339793,340089,1,0,0,297,0,putative uncharacterized protein YahH
b0327,yahM,0,345404,345649,1,0,0,246,0,uncharacterized protein YahM
b0329,yahO,0,346484,346759,1,0,0,276,0,DUF1471 domain-containing protein YahO
b0348,mhpB,0,370277,371221,1,0,0,945,0,3-carboxyethylcatechol 2,3-dioxygenase
b0357,frmR,0,379606,379881,-1,0,0,276,0,DNA-binding transcriptional repressor FrmR
b4579,yaiX,0,380844,382872,-1,0,0,2029,0,pseudogene
b0360,insC1,0,381351,381716,1,0,0,366,0,IS2 element protein InsA
b0361,insD1,0,381674,382579,1,0,0,906,0,IS2 element protein
b4731,ykiC,0,383960,384079,1,0,0,120,0,protein YkiC
b0369,hemB,0,388753,389727,-1,0,0,975,0,porphobilinogen synthase
b0372,insF2,0,391739,392605,-1,0,0,867,0,IS3 element protein InsF
b0373,insE2,0,392602,392901,-1,0,0,300,0,IS3 element protein InsE
b0379,yaiY,0,399025,399333,-1,0,0,309,0,inner membrane protein
b0384,psiF,0,403281,403601,1,0,0,321,0,PsiF family protein
b0386,proC,0,404835,405644,-1,0,0,810,0,pyrroline-5-carboxylate reductase
b0416,nusB,0,435137,435556,1,0,0,420,0,transcription antitermination protein NusB
b0422,xseB,0,441101,441343,-1,0,0,243,0,exodeoxyribonuclease VII subunit XseB
b0429,cyoD,0,447717,448046,-1,0,0,330,0,cytochrome bo3 ubiquinol oxidase subunit 4
b0435,bolA,0,454472,454789,1,0,0,318,0,DNA-binding transcriptional dual regulator BolA
b0455,ffs,0,476448,476561,1,0,0,114,0,
b0456,ybaA,0,476672,477025,1,0,0,354,0,DUF1428 domain-containing protein YbaA
b0461,tomB,0,480334,480708,-1,0,0,375,0,protein that modulates Hha toxicity
b0467,priC,0,490285,490812,-1,0,0,528,0,primosomal replication protein N''
b0474,adk,0,497175,497819,1,0,0,645,0,adenylate kinase
b0481,ybaK,0,506603,507082,-1,0,0,480,0,Cys-tRNA(Pro) and Cys-tRNA(Cys) deacylase
b0483,ybaQ,0,508218,508559,1,0,0,342,0,putative DNA-binding transcriptional regulator YbaQ
b0484,copA,0,511168,511379,-1,0,0,212,0,soluble Cu(+) chaperone
b4632,ylbI,0,529497,529592,1,0,0,96,0,pseudogene
b0525,ppiB,0,553943,554437,-1,0,0,495,0,peptidyl-prolyl cis-trans isomerase B
b0528,ybcJ,0,556661,556873,-1,0,0,213,0,putative RNA-binding protein YbcJ
b0529,folD,0,556875,557741,-1,0,0,867,0,bifunctional 5,10-methylene-tetrahydrofolate dehydrogenase/ 5,10-methylene-tetrahydrofolate cyclohydrolase
b0536,argU,0,564723,564799,1,0,0,77,0,
b4508,peaD,0,566376,566687,1,0,0,312,0,pseudogene
b0542,renD,0,566684,568247,1,0,0,1564,0,pseudogene
b0540,insE3,0,566842,567141,1,0,0,300,0,DLP12 prophage; IS3 element protein InsE
b0541,insF3,0,567138,568004,1,0,0,867,0,DLP12 prophage; IS3 element protein InsF
b4733,ylcJ,0,568695,568844,1,0,0,150,0,protein YlcJ
b4588,ylcH,0,572368,572469,1,0,0,102,0,DLP12 prophage; uncharacterized protein YlcH
b0553,nmpC,0,574529,576825,-1,0,0,2297,0,pseudogene
b0552,insH2,0,574737,575753,-1,0,0,1017,0,DLP12 prophage; IS5 transposase and trans-activator
b0554,essD,0,577398,577613,1,0,0,216,0,DLP12 prophage; putative phage lysis protein
b0555,rrrD,0,577613,578110,1,0,0,498,0,DLP12 prophage; lysozyme
b0556,rzpD,0,578107,578568,1,0,0,462,0,DLP12 prophage; putative prophage endopeptidase RzpD
b4510,rzoD,0,578327,578509,1,0,0,183,0,DLP12 prophage; putative prophage lysis lipoprotein RzoD
b0557,borD,0,578600,578893,-1,0,0,294,0,DLP12 prophage; prophage lipoprotein BorD
b4589,ylcI,0,580251,580445,-1,0,0,195,0,DLP12 prophage; DUF3950 domain-containing protein YlcI
b0560,nohD,0,580834,581379,1,0,0,546,0,DLP12 prophage; putative DNA-packaging protein NohD
b0565,ompT,0,584680,585633,-1,0,0,954,0,outer membrane protease VII (outer membrane protein 3b)
b0580,ybdJ,0,605951,606199,-1,0,0,249,0,DUF1158 domain-containing protein YbdJ
b4700,sokE,0,607734,607792,1,0,0,59,0,
b0582,insL2,0,608065,609177,1,0,0,1113,0,IS186/IS421 transposase
b4511,ybdZ,0,613942,614160,1,0,0,219,0,enterobactin biosynthesis protein YbdZ
b0597,entH,0,629300,629713,1,0,0,414,0,proofreading thioesterase in enterobactin biosynthesis
b4734,yldA,0,643330,643419,-1,0,0,90,0,protein YldA
b0623,cspE,0,657292,657501,1,0,0,210,0,transcription antiterminator and regulator of RNA stability
b0627,tatE,0,658947,659150,1,0,0,204,0,twin arginine protein translocation system-TatE protein
b0628,lipA,0,659251,660216,-1,0,0,966,0,lipoyl synthase
b0631,ybeD,0,662379,662642,-1,0,0,264,0,DUF493 domain-containing protein YbeD
b0633,rlpA,0,664102,665190,-1,0,0,1089,0,rare lipoprotein RlpA
b0634,mrdB,0,665201,666313,-1,0,0,1113,0,SEDS family protein MrdB
b0656,insH3,0,687997,689013,-1,0,0,1017,0,IS5 transposase and trans-activator
b0664,glnX,0,696430,696504,-1,0,0,75,0,
b0665,glnV,0,696542,696616,-1,0,0,75,0,
b0666,metU,0,696664,696740,-1,0,0,77,0,
b0672,leuW,0,696963,697047,-1,0,0,85,0,
b0673,metT,0,697057,697133,-1,0,0,77,0,
b0676,nagC,0,700374,701594,-1,0,0,1221,0,DNA-binding transcriptional dual regulator NagC
b0683,fur,0,710200,710646,-1,0,0,447,0,DNA-binding transcriptional dual regulator Fur
b4637,uof,0,710639,710725,-1,0,0,87,0,RyhB-regulated fur leader peptide
b0684,fldA,0,710935,711465,-1,0,0,531,0,flavodoxin 1
b0687,seqA,0,712987,713532,1,0,0,546,0,SeqA, negative modulator of initiation of replication
b0699,ybfA,0,729134,729340,1,0,0,207,0,DUF2517 domain-containing protein YbfA
b0702,ybfB,0,733776,734102,1,0,0,327,0,uncharacterized protein YbfB
b0704,ybfC,0,735650,736219,1,0,0,570,0,uncharacterized protein YbfC
b4514,ybfQ,0,736445,736699,1,0,0,255,0,inactive transposase YbfQ
b0705,ybfL,0,736900,737961,1,0,0,1062,0,pseudogene
b0706,ybfD,0,738092,738853,1,0,0,762,0,H repeat-associated putative transposase YbfD
b0722,sdhD,0,755560,755907,1,0,0,348,0,succinate:quinone oxidoreductase, membrane protein SdhD
b0734,cydB,0,773042,774181,1,0,0,1140,0,cytochrome bd-I ubiquinol oxidase subunit II
b4515,cydX,0,774196,774309,1,0,0,114,0,cytochrome bd-I ubiquinol oxidase subunit CydX
b0736,ybgC,0,774752,775156,1,0,0,405,0,esterase/thioesterase
b0738,tolR,0,775849,776277,1,0,0,429,0,Tol-Pal system protein TolR
b0741,pal,0,779067,779588,1,0,0,522,0,peptidoglycan-associated outer membrane lipoprotein Pal
b0743,lysT,0,780554,780629,1,0,0,76,0,
b0744,valT,0,780765,780840,1,0,0,76,0,
b0745,lysW,0,780843,780918,1,0,0,76,0,
b0746,valZ,0,781068,781143,1,0,0,76,0,
b0747,lysY,0,781147,781222,1,0,0,76,0,
b0748,lysZ,0,781369,781444,1,0,0,76,0,
b0749,lysQ,0,781577,781652,1,0,0,76,0,
b0762,acrZ,0,794773,794922,1,0,0,150,0,multidrug efflux pump accessory protein AcrZ
b0784,moaD,0,819048,819293,1,0,0,246,0,molybdopterin synthase sulfur carrier subunit
b0791,ybhQ,0,824630,825040,1,0,0,411,0,putative inner membrane protein
b4736,yliM,0,850332,850397,1,0,0,66,0,protein YliM
b0814,ompX,0,850450,850965,1,0,0,516,0,outer membrane protein X
b0817,mntR,0,853183,853650,1,0,0,468,0,DNA-binding transcriptional dual regulator MntR
b0841,ybjG,0,882792,883388,-1,0,0,597,0,undecaprenyl pyrophosphate phosphatase
b4417,rybB,0,887977,888057,-1,0,0,81,0,
b0848,ybjM,0,890089,890466,1,0,0,378,0,putative inner membrane protein
b0850,ybjC,0,890913,891200,1,0,0,288,0,DUF1418 domain-containing protein YbjC
b0858,ybjO,0,897989,898477,1,0,0,489,0,putative inner membrane protein
b0866,ybjQ,0,904593,904916,1,0,0,324,0,putative heavy metal binding protein YbjQ
b0883,serW,0,925884,925971,-1,0,0,88,0,
b0884,infA,0,926225,926443,-1,0,0,219,0,translation initiation factor IF-1
b0893,serS,0,939428,940720,1,0,0,1293,0,serine--tRNA ligase
b0910,cmk,0,961201,961884,1,0,0,684,0,cytidylate kinase
b0912,ihfB,0,963828,964112,1,0,0,285,0,integration host factor subunit beta
b0917,ycaR,0,970673,970855,1,0,0,183,0,UPF0434 family protein YcaR
b0923,mukE,0,975622,976326,1,0,0,705,0,chromosome partitioning protein MukE
b0946,zapC,0,1005952,1006494,1,0,0,543,0,cell division protein ZapC
b0953,rmf,0,1015715,1015882,1,0,0,168,0,ribosome modulation factor
b0957,ompA,0,1019013,1020053,-1,0,0,1041,0,outer membrane porin A
b0969,tusE,0,1030339,1030668,-1,0,0,330,0,sulfur transfer protein TusE
b4592,appX,0,1040445,1040537,1,0,0,93,0,small protein AppX
b0987,gfcA,0,1049439,1049744,-1,0,0,306,0,threonine-rich inner membrane protein GfcA
b4516,insA4,0,1049833,1050108,1,0,0,276,0,IS1 protein InsA
b0988,insB4,0,1050027,1050530,1,0,0,504,0,IS1 protein InsB
b0989,cspH,0,1050963,1051175,-1,0,0,213,0,CspA family protein CspH
b0990,cspG,0,1051461,1051673,1,0,0,213,0,cold shock protein CspG
b4723,ymcF,0,1051684,1051872,1,0,0,189,0,protein YmcF
b4518,ymdF,0,1068081,1068254,1,0,0,174,0,conserved protein YmdF
b1021,pgaD,0,1086106,1086519,-1,0,0,414,0,poly-N-acetyl-D-glucosamine synthase subunit PgaD
b1026,insF4,0,1094275,1095141,-1,0,0,867,0,IS3 element protein InsF
b1027,insE4,0,1095138,1095437,-1,0,0,300,0,IS3 element protein InsE
b1032,serX,0,1097565,1097652,-1,0,0,88,0,
b1035,ycdY,0,1099640,1100194,1,0,0,555,0,chaperone protein YcdY
b1043,csgC,0,1104961,1105293,1,0,0,333,0,inhibitor of CsgA amyloid formation
b1050,yceK,0,1113579,1113806,1,0,0,228,0,DUF1375 domain-containing lipoprotein YceK
b1051,msyB,0,1113807,1114181,-1,0,0,375,0,acidic protein that suppresses heat sensitivity of a secY mutant
b1071,flgM,0,1129835,1130128,-1,0,0,294,0,anti-sigma factor for FliA (sigma(28))
b1085,yceQ,0,1144502,1144822,1,0,0,321,0,DUF2655 domain-containing protein YceQ
b4418,sraB,0,1146589,1146757,1,0,0,169,0,
b1088,yceD,0,1146794,1147315,1,0,0,522,0,DUF177 domain-containing protein YceD
b1089,rpmF,0,1147367,1147540,1,0,0,174,0,50S ribosomal subunit protein L32
b1093,fabG,0,1150670,1151404,1,0,0,735,0,3-oxoacyl-[acyl-carrier-protein] reductase FabG
b1095,fabF,0,1151939,1153180,1,0,0,1242,0,beta-ketoacyl-[acyl carrier protein] synthase II
b1098,tmk,0,1155124,1155765,1,0,0,642,0,hypothetical protein
b1103,hinT,0,1161885,1162244,1,0,0,360,0,purine nucleoside phosphoramidase
b1105,lpoB,0,1162638,1163279,1,0,0,642,0,outer membrane lipoprotein-activator of MrcB activity
b1117,lolD,0,1176619,1177320,1,0,0,702,0,lipoprotein release complex-ATP binding subunit
b1118,lolE,0,1177320,1178564,1,0,0,1245,0,lipoprotein release complex-inner membrane subunit
b1132,hflD,0,1191990,1192631,-1,0,0,642,0,lysogenization regulator
b1133,mnmA,0,1192667,1193773,-1,0,0,1107,0,tRNA-specific 2-thiouridylase
b1136,icd,0,1195123,1196373,1,0,0,1251,0,isocitrate dehydrogenase
b1144,ymfJ,0,1201776,1202084,-1,0,0,309,0,e14 prophage; protein YmfJ
b4692,oweE,0,1204170,1204403,1,0,0,234,0,pseudogene
b1150,ymfR,0,1205549,1205731,1,0,0,183,0,e14 prophage; protein YmfR
b1155,tfaP,0,1208132,1208545,1,0,0,414,0,e14 prophage; putative tail fiber assembly protein TfaP
b4519,icdC,0,1211413,1211577,1,0,0,165,0,pseudogene
b1160,iraM,0,1211680,1212003,-1,0,0,324,0,anti-adaptor protein IraM, inhibitor of sigma(S) proteolysis
b4738,ymgK,0,1212260,1212304,-1,0,0,45,0,protein YmgK
b4739,ymgL,0,1212540,1212650,-1,0,0,111,0,protein YmgL
b1162,bluR,0,1213328,1214059,-1,0,0,732,0,DNA-binding transcriptional repressor BluR
b1164,ycgZ,0,1215789,1216025,1,0,0,237,0,putative two-component system connector protein YcgZ
b1166,ariR,0,1216369,1216635,1,0,0,267,0,regulator of acid resistance, influenced by indole
b1167,ymgC,0,1216748,1216996,1,0,0,249,0,protein YmgC
b4520,ymgF,0,1218983,1219201,1,0,0,219,0,inner membrane protein that interacts with cell division proteins
b1174,minE,0,1224279,1224545,-1,0,0,267,0,Z-ring positioning protein MinE
b1204,pth,0,1257929,1258513,-1,0,0,585,0,peptidyl-tRNA hydrolase
b1209,lolB,0,1262877,1263500,-1,0,0,624,0,outer membrane lipoprotein LolB
b4419,ldrA,0,1269168,1269275,-1,0,0,108,0,small toxic polypeptide LdrA
b4420,rdlA,0,1269323,1269389,1,0,0,67,0,
b4421,ldrB,0,1269703,1269810,-1,0,0,108,0,small toxic polypeptide LdrB
b4422,rdlB,0,1269858,1269923,1,0,0,66,0,
b4423,ldrC,0,1270238,1270345,-1,0,0,108,0,small toxic polypeptide LdrC
b4424,rdlC,0,1270393,1270460,1,0,0,68,0,
b1219,ychN,0,1273246,1273599,-1,0,0,354,0,DsrE/F sulfur relay family protein YchN
b1221,narL,0,1275179,1275829,-1,0,0,651,0,DNA-binding transcriptional dual regulator NarL
b1228,ychS,0,1286709,1286984,1,0,0,276,0,putative uncharacterized protein YchS
b4425,rttR,0,1287066,1287236,-1,0,0,171,0,
b1229,tpr,0,1287087,1287176,-1,0,0,90,0,protamine-like protein
b1230,tyrV,0,1287244,1287328,-1,0,0,85,0,
b1231,tyrT,0,1287538,1287622,-1,0,0,85,0,
b1237,hns,0,1292509,1292922,-1,0,0,414,0,DNA-binding transcriptional dual regulator H-NS
b4711,insH21,0,1299531,1300547,1,0,0,1017,0,IS5 transposase and trans-activator
b1248,yciU,0,1306821,1307150,-1,0,0,330,0,DUF440 domain-containing protein YciU
b4595,yciY,0,1308788,1308961,1,0,0,174,0,uncharacterized protein YciY
b1253,yciA,0,1311848,1312246,-1,0,0,399,0,acyl-CoA thioesterase
b1254,yciB,0,1312351,1312890,-1,0,0,540,0,inner membrane protein
b1257,yciE,0,1314718,1315224,-1,0,0,507,0,DUF892 domain-containing protein YciE
b1259,yciG,0,1315856,1316035,-1,0,0,180,0,protein YciG
b1265,trpL,0,1323038,1323082,-1,0,0,45,0,trp operon leader peptide
b4522,ymiA,0,1335124,1335288,1,0,0,165,0,uncharacterized protein YmiA
b4523,yciX,0,1335291,1335458,1,0,0,168,0,uncharacterized protein YciX
b4741,ymiC,0,1335572,1335667,1,0,0,96,0,protein YmiC
b1284,yciT,0,1343597,1344346,-1,0,0,750,0,putative DNA-binding transcriptional regulator YciT
b4742,ymjE,0,1359177,1359341,-1,0,0,165,0,protein YmjE
b1308,pspE,0,1369689,1370003,1,0,0,315,0,thiosulfate sulfurtransferase PspE
b4524,ymjB,0,1381789,1381902,1,0,0,114,0,pseudogene
b1324,tpx,0,1388305,1388811,-1,0,0,507,0,lipid hydroperoxide peroxidase
b1331,insH4,0,1396076,1397092,1,0,0,1017,0,IS5 transposase and trans-activator
b1332,ynaJ,0,1397365,1397622,1,0,0,258,0,DUF2534 domain-containing protein YnaJ
b4699,fnrS,0,1409129,1409247,1,0,0,119,0,
b4743,ynaL,0,1409308,1409481,1,0,0,174,0,protein YnaL
b1345,intR,0,1412000,1413235,-1,0,0,1236,0,Rac prophage; putative integrase
b1346,xisR,0,1413237,1413452,-1,0,0,216,0,Rac prophage; excisionase
b1347,rcbA,0,1413531,1413740,-1,0,0,210,0,Rac prophage; double-strand break reduction protein
b1348,ralR,0,1413733,1413927,-1,0,0,195,0,Rac prophage; endodeoxyribonuclease toxin RalR
b1349,recT,0,1413984,1414793,-1,0,0,810,0,Rac prophage; recombinase, DNA renaturation
b1351,racC,0,1417488,1417763,-1,0,0,276,0,Rac prophage; protein RacC
b4526,ydaE,0,1417838,1418008,-1,0,0,171,0,Rac prophage; zinc-binding protein
b1352,kilR,0,1418008,1418229,-1,0,0,222,0,Rac prophage; inhibitor of FtsZ, killing protein
b1353,sieB,0,1418671,1419159,1,0,0,489,0,Rac prophage; phage superinfection exclusion protein
b4527,ydaF,0,1419156,1419311,-1,0,0,156,0,Rac prophage; DUF1391 domain-containing protein YdaF
b1355,ydaG,0,1419322,1419456,-1,0,0,135,0,Rac prophage; uncharacterized protein YdaG
b1356,racR,0,1419765,1420241,-1,0,0,477,0,Rac prophage; DNA-binding transcriptional repressor RacR
b1357,ydaS,0,1420365,1420661,1,0,0,297,0,Rac prophage; toxin YdaS
b1358,ydaT,0,1420684,1421106,1,0,0,423,0,Rac prophage; protein YdaT
b1359,ydaU,0,1421119,1421976,1,0,0,858,0,Rac prophage; DUF1376 domain-containing protein YdaU
b1360,ydaV,0,1421983,1422729,1,0,0,747,0,Rac prophage; putative ATP-binding protein YdaV
b1361,ydaW,0,1422752,1423312,1,0,0,561,0,Rac prophage; putative uncharacterized protein YdaW
b1362,rzpR,0,1423345,1423644,1,0,0,300,0,pseudogene
b4528,rzoR,0,1423400,1423585,1,0,0,186,0,Rac prophage; putative lipoprotein
b1363,trkG,0,1423782,1425239,1,0,0,1458,0,Rac prophage; K(+) transporter TrkG
b1365,ynaK,0,1425377,1425640,1,0,0,264,0,Rac prophage; ParB-like nuclease domain-containing protein YnaK
b1366,ydaY,0,1425621,1425980,1,0,0,360,0,Rac prophage; putative uncharacterized protein YdaY
b1368,ynaA,0,1426454,1427482,1,0,0,1029,0,Rac prophage; putative prophage tail length tape measure domain-containing protein YnaA
b4570,lomR,0,1427389,1428984,1,0,0,1596,0,pseudogene
b1370,insH5,0,1427746,1428726,-1,0,0,981,0,Rac prophage; IS5 transposase and trans-activator
b1372,stfR,0,1429049,1432411,1,0,0,3363,0,Rac prophage; putative membrane protein
b1373,tfaR,0,1432411,1432986,1,0,0,576,0,Rac prophage; putative tail fiber assembly protein TfaR
b1374,pinR,0,1433084,1433674,-1,0,0,591,0,Rac prophage; putative site-specific recombinase
b1375,ynaE,0,1433991,1434224,-1,0,0,234,0,Rac prophage; uncharacterized protein YnaE
b4744,ynaM,0,1434293,1434406,-1,0,0,114,0,Rac prophage; protein YnaM
b4638,ttcC,0,1434958,1435008,-1,0,0,51,0,pseudogene
b4427,micC,0,1437121,1437229,1,0,0,109,0,
b4529,ydbJ,0,1441058,1441324,1,0,0,267,0,DUF333 domain-containing protein YdbJ
b1379,hslJ,0,1441321,1441743,-1,0,0,423,0,lipoprotein implicated in Novobiocin resistance
b1382,ynbE,0,1445687,1445872,1,0,0,186,0,lipoprotein YnbE
b1402,insD2,0,1467921,1468826,-1,0,0,906,0,IS2 insertion element protein InsB
b1403,insC2,0,1468784,1469149,-1,0,0,366,0,IS2 insertion element repressor InsA
b1404,insI2,0,1469358,1470509,1,0,0,1152,0,IS30 transposase
b4597,rydC,0,1491443,1491506,-1,0,0,64,0,
b4428,hokB,0,1491922,1492071,-1,0,0,150,0,toxin HokB
b1420,mokB,0,1491962,1492129,-1,0,0,168,0,putative regulatory protein MokB
b1436,yncJ,0,1508834,1509064,-1,0,0,231,0,protein YncJ
b1445,ortT,0,1517389,1517562,1,0,0,174,0,orphan toxin OrtT
b1455,yncH,0,1526940,1527152,1,0,0,213,0,DUF5445 domain-containing protein YncH
b4745,yncO,0,1530319,1530504,-1,0,0,186,0,protein YncO
b1459,yncI,0,1530586,1531639,1,0,0,1054,0,pseudogene
b1460,ydcC,0,1531816,1532952,1,0,0,1137,0,H repeat-associated putative transposase YdcC
b1470,yddJ,0,1544384,1544719,-1,0,0,336,0,pseudogene
b1472,yddL,0,1545738,1546028,-1,0,0,291,0,putative uncharacterized protein YddL
b4746,yddY,0,1567178,1567219,-1,0,0,42,0,protein YddY
b1493,gadB,0,1570645,1572045,-1,0,0,1401,0,glutamate decarboxylase B
b1500,safA,0,1583762,1583959,-1,0,0,198,0,two-component system connector SafA
b1504,ydeS,0,1588309,1588839,-1,0,0,531,0,putative fimbrial protein YdeS
b1508,hipB,0,1592176,1592442,-1,0,0,267,0,antitoxin/DNA-binding transcriptional repressor HipB
b1523,yneG,0,1611966,1612325,-1,0,0,360,0,conserved protein YneG
b1532,marB,0,1619989,1620207,1,0,0,219,0,multiple antibiotic resistance protein
b4698,mgrR,0,1622817,1622914,-1,0,0,98,0,
b1536,ydeI,0,1624105,1624497,-1,0,0,393,0,BOF family protein YdeI
b4748,ynfT,0,1632890,1633003,1,0,0,114,0,Qin prophage; protein YnfT
b1544,ydfK,0,1633072,1633305,1,0,0,234,0,Qin prophage; cold shock protein YdfK
b1545,pinQ,0,1633622,1634212,1,0,0,591,0,Qin prophage; putative site-specific recombinase
b1546,tfaQ,0,1634310,1634885,-1,0,0,576,0,Qin prophage; putative tail fiber assembly protein TfaQ
b4533,ynfO,0,1636756,1636989,1,0,0,234,0,Qin prophage; protein YnfO
b1549,ydfO,0,1637047,1637457,1,0,0,411,0,Qin prophage; protein YdfO
b4749,ynfR,0,1638188,1638253,-1,0,0,66,0,Qin prophage; protein YnfR
b1552,cspI,0,1638455,1638667,-1,0,0,213,0,Qin prophage; cold shock protein CspI
b1558,cspF,0,1641855,1642067,1,0,0,213,0,Qin prophage; cold shock protein CspF
b4750,ynfS,0,1642122,1642211,1,0,0,90,0,Qin prophage; protein YnfS
b1564,relB,0,1645633,1645872,-1,0,0,240,0,Qin prophage; antitoxin/DNA-binding transcriptional repressor RelB
b1566,flxA,0,1646405,1646737,1,0,0,333,0,Qin prophage; protein FlxA
b1570,dicA,0,1647934,1648341,1,0,0,408,0,DNA-binding transcriptional dual regulator DicA
b1571,ydfA,0,1648508,1648663,1,0,0,156,0,Qin prophage; DUF1391 domain-containing protein YdfA
b1572,ydfB,0,1648665,1648793,1,0,0,129,0,Qin prophage; uncharacterized protein YdfB
b1573,ydfC,0,1648823,1649041,1,0,0,219,0,Qin prophage; uncharacterized protein YdfC
b1574,dicF,0,1649382,1649434,1,0,0,53,0,
b1578,insD7,0,1650881,1651537,1,0,0,657,0,pseudogene
b4534,ynfP,0,1652728,1652838,-1,0,0,111,0,protein YnfP
b1582,ynfA,0,1655347,1655673,-1,0,0,327,0,conserved inner membrane protein YnfA
b1583,ynfB,0,1655808,1656149,1,0,0,342,0,DUF1283 domain-containing protein YnfB
b1591,dmsD,0,1664506,1665120,1,0,0,615,0,redox enzyme maturation protein DmsD
b4601,ydgU,0,1671777,1671860,1,0,0,84,0,uncharacterized protein YdgU
b1623,add,0,1702233,1703234,1,0,0,1002,0,adenosine deaminase
b4409,blr,0,1704551,1704676,1,0,0,126,0,beta-lactam resistance protein
b1625,cnu,0,1704949,1705164,1,0,0,216,0,H-NS-and StpA-binding protein
b1628,rsxB,0,1706348,1706926,1,0,0,579,0,SoxR [2Fe-2S] reducing system protein RsxB
b1632,rsxE,0,1710828,1711523,1,0,0,696,0,SoxR [2Fe-2S] reducing system protein RsxE
b1634,dtpA,0,1712769,1714271,1,0,0,1503,0,dipeptide/tripeptide:H(+) symporter DtpA
b1637,tyrS,0,1715948,1717222,-1,0,0,1275,0,tyrosine--tRNA ligase
b1638,pdxH,0,1717351,1718007,-1,0,0,657,0,pyridoxal 5-phosphate synthase
b1639,mliC,0,1718066,1718395,-1,0,0,330,0,inhibitor of c-type lysozyme, putative lipoprotein
b1643,ydhI,0,1721025,1721261,1,0,0,237,0,DUF1656 domain-containing protein YdhI
b1646,sodC,0,1724134,1724655,-1,0,0,522,0,superoxide dismutase (Cu-Zn)
b1654,grxD,0,1733754,1734101,-1,0,0,348,0,glutaredoxin 4
b1665,valV,0,1746435,1746511,1,0,0,77,0,
b1666,valW,0,1746516,1746592,1,0,0,77,0,
b1667,ydhR,0,1746700,1747005,1,0,0,306,0,putative monooxygenase YdhR
b1677,lpp,0,1757421,1757657,1,0,0,237,0,murein lipoprotein
b4430,rydB,0,1764713,1764780,-1,0,0,68,0,
b1705,ydiE,0,1789613,1789804,1,0,0,192,0,PF10636 family protein YdiE
b1715,pheM,0,1799226,1799270,-1,0,0,45,0,pheST-ihfA operon leader peptide
b1716,rplT,0,1799393,1799749,-1,0,0,357,0,50S ribosomal subunit protein L20
b1718,infC,0,1800096,1800638,-1,0,0,543,0,translation initiation factor IF-3
b1759,nudG,0,1841490,1841897,1,0,0,408,0,5-hydroxy-CTP diphosphatase
b1765,ydjA,0,1848125,1848676,-1,0,0,552,0,putative oxidoreductase
b1789,yeaL,0,1874352,1874798,1,0,0,447,0,conserved inner membrane protein YeaL
b1793,yoaF,0,1877278,1877532,-1,0,0,255,0,DUF333 domain-containing lipoprotein YoaF
b4675,yoaJ,0,1878874,1878948,1,0,0,75,0,uncharacterized protein YoaJ
b1796,yoaG,0,1879403,1879585,-1,0,0,183,0,DUF1869 domain-containing protein YoaG
b1807,tsaB,0,1890572,1891267,-1,0,0,696,0,N(6)-L-threonylcarbamoyladenine synthase, TsaB subunit
b1811,yoaH,0,1894552,1894731,-1,0,0,180,0,UFP0181 family protein YoaH
b4751,yoaL,0,1901573,1901782,-1,0,0,210,0,protein YoaL
b1820,yobD,0,1904801,1905259,1,0,0,459,0,conserved inner membrane protein YobD
b1823,cspC,0,1907226,1907435,-1,0,0,210,0,stress protein, member of the CspA family
b1825,yebO,0,1908261,1908548,-1,0,0,288,0,uncharacterized protein YebO
b1826,mgrB,0,1908623,1908766,-1,0,0,144,0,PhoQ kinase inhibitor
b4536,yobH,0,1908925,1909164,1,0,0,240,0,protein YobH
b1831,proQ,0,1914836,1915534,-1,0,0,699,0,RNA chaperone ProQ
b4432,ryeA,0,1923066,1923314,1,0,0,249,0,
b4433,sdsR,0,1923104,1923207,-1,0,0,104,0,
b1842,holE,0,1925108,1925338,1,0,0,231,0,DNA polymerase III subunit theta
b1855,lpxM,0,1939222,1940193,-1,0,0,972,0,myristoyl-acyl carrier protein-dependent acyltransferase
b4677,yobI,0,1946115,1946180,-1,0,0,66,0,uncharacterized protein YobI
b1863,ruvC,0,1946855,1947376,-1,0,0,522,0,crossover junction endodeoxyribonuclease RuvC
b1865,nudB,0,1948180,1948632,-1,0,0,453,0,dihydroneopterin triphosphate diphosphatase
b1869,yecN,0,1952266,1952661,1,0,0,396,0,putative inner membrane protein
b1871,cmoB,0,1953442,1954413,1,0,0,972,0,tRNA U34 carboxymethyltransferase
b4717,micL,0,1958441,1958520,-1,0,0,80,0,
b1875,yecM,0,1959280,1959846,-1,0,0,567,0,putative metal-binding enzyme YecM
b1878,flhE,0,1962580,1962972,-1,0,0,393,0,flagellar protein
b1893,insB5,0,1978518,1979021,-1,0,0,504,0,IS1 protein InsB
b1894,insA5,0,1978940,1979215,-1,0,0,276,0,IS1 protein InsA
b4537,yecJ,0,1987507,1987758,-1,0,0,252,0,DUF2766 domain-containing protein YecJ
b1909,leuZ,0,1991815,1991901,-1,0,0,87,0,
b1910,cysT,0,1991914,1991987,-1,0,0,74,0,
b1911,glyW,0,1992042,1992117,-1,0,0,76,0,
b1912,pgsA,0,1992269,1992817,-1,0,0,549,0,phosphatidylglycerophosphate synthase
b1915,yecF,0,1995818,1996042,1,0,0,225,0,DUF2594 domain-containing protein YecF
b1920,tcyJ,0,1999585,2000385,-1,0,0,801,0,cystine ABC transporter periplasmic binding protein
b1925,fliS,0,2005303,2005713,1,0,0,411,0,flagellar biosynthesis protein FliS
b1936,intG,0,2012502,2012780,1,0,0,279,0,pseudogene
b1937,fliE,0,2012700,2013014,-1,0,0,315,0,flagellar basal-body protein FliE
b1942,fliJ,0,2017946,2018389,1,0,0,444,0,flagellar biosynthesis protein FliJ
b1946,fliN,0,2021088,2021501,1,0,0,414,0,flagellar motor switch protein FliN
b1952,dsrB,0,2024635,2024823,-1,0,0,189,0,protein DsrB
b1953,yodD,0,2024986,2025213,1,0,0,228,0,stress-induced protein
b1954,dsrA,0,2025227,2025313,-1,0,0,87,0,
b1963,yedR,0,2033119,2033484,-1,0,0,366,0,putative inner membrane protein
b4603,rseX,0,2033649,2033739,1,0,0,91,0,
b1977,asnT,0,2044549,2044624,1,0,0,76,0,
b1986,asnU,0,2059851,2059926,1,0,0,76,0,
b1989,asnV,0,2062260,2062335,1,0,0,76,0,
b1994,insH6,0,2066305,2067321,-1,0,0,1017,0,CP4-44 prophage; IS5 transposase and trans-activator
b4582,yoeA,0,2068635,2070474,1,0,0,1840,0,pseudogene
b1996,insD3,0,2068952,2069857,-1,0,0,906,0,CP4-44 prophage; IS2 insertion element protein InsB
b1997,insC3,0,2069815,2070180,-1,0,0,366,0,CP4-44 prophage; IS2 insertion element repressor InsA
b4435,isrC,0,2071317,2071511,1,0,0,195,0,
b2004,cbeA,0,2077112,2077480,1,0,0,369,0,CP4-44 prophage; cytoskeleton bundling-enhancing antitoxin CbeA
b2007,yeeX,0,2079032,2079361,-1,0,0,330,0,DUF496 domain-containing protein YeeX
b2012,yeeD,0,2084226,2084453,-1,0,0,228,0,putative sulfurtransferase YeeD
b4678,yoeI,0,2087052,2087114,-1,0,0,63,0,uncharacterized protein YoeI
b2017,yefM,0,2089462,2089713,-1,0,0,252,0,YefM antitoxin of the YoeB-YefM toxin-antitoxin pair and DNA binding transcriptional repressor
b2018,hisL,0,2089996,2090046,1,0,0,51,0,his operon leader peptide
b4571,wbbL,0,2101396,2103389,-1,0,0,1994,0,pseudogene
b2030,insH7,0,2101895,2102911,-1,0,0,1017,0,IS5 transposase and trans-activator
b2042,galF,0,2113434,2114327,-1,0,0,894,0,UTP:glucose-1-phosphate uridylyltransferase, low activity
b2052,fcl,0,2126225,2127190,-1,0,0,966,0,GDP-L-fucose synthase
b4437,sibB,0,2153646,2153781,1,0,0,136,0,
b4668,ibsB,0,2153681,2153737,-1,0,0,57,0,putative toxic peptide IbsB
b4438,cyaR,0,2167114,2167200,1,0,0,87,0,
b2085,yegR,0,2167989,2168306,-1,0,0,318,0,uncharacterized protein YegR
b2088,insE5,0,2170236,2170535,1,0,0,300,0,IS3 element protein InsE
b2089,insF5,0,2170532,2171398,1,0,0,867,0,IS3 element protein InsF
b2093,gatB,0,2174282,2174566,-1,0,0,285,0,galactitol-specific PTS enzyme IIB component
b2105,rcnR,0,2185524,2185796,-1,0,0,273,0,DNA-binding transcriptional repressor RcnR
b4679,yohP,0,2228982,2229065,1,0,0,84,0,putative membrane protein YohP
b2140,dusC,0,2229438,2230385,-1,0,0,948,0,tRNA-dihydrouridine(16) synthase
b2153,folE,0,2242984,2243652,-1,0,0,669,0,GTP cyclohydrolase 1
b2185,rplY,0,2282517,2282801,1,0,0,285,0,50S ribosomal subunit protein L25
b2186,yejK,0,2282940,2283947,-1,0,0,1008,0,nucleoid-associated protein YejK
b2187,yejL,0,2284129,2284356,1,0,0,228,0,DUF1414 domain-containing protein YejL
b2189,proL,0,2286211,2286287,1,0,0,77,0,
b2192,insH8,0,2289065,2290081,-1,0,0,1017,0,IS5 transposase and trans-activator
b2207,napD,0,2302750,2303013,-1,0,0,264,0,NapA signal peptide-binding chaperone NapD
b4439,micF,0,2313084,2313176,1,0,0,93,0,
b2232,ubiG,0,2339567,2340289,1,0,0,723,0,bifunctional 3-demethylubiquinone-8 3-O-methyltransferase and 2-octaprenyl-6-hydroxyphenol methylase
b2235,nrdB,0,2347384,2348514,1,0,0,1131,0,ribonucleoside-diphosphate reductase 1 subunit beta
b2236,yfaE,0,2348514,2348768,1,0,0,255,0,ferredoxin-like diferric-tyrosyl radical cofactor maintenance protein YfaE
b2238,yfaH,0,2349687,2349893,1,0,0,207,0,pseudogene
b2272,yfbM,0,2386934,2387437,1,0,0,504,0,DUF1877 domain-containing protein YfbM
b2279,nuoK,0,2395043,2395345,-1,0,0,303,0,NADH:quinone oxidoreductase subunit K
b2285,nuoE,0,2401552,2402052,-1,0,0,501,0,NADH:quinone oxidoreductase subunit E
b2295,yfbV,0,2412677,2413132,-1,0,0,456,0,UPF0208 membrane protein YfbV
b2311,ubiX,0,2428057,2428626,-1,0,0,570,0,flavin prenyltransferase
b2315,folC,0,2431674,2432942,-1,0,0,1269,0,bifunctional folylpolyglutamate synthetase/dihydrofolate synthetase
b2318,truA,0,2434824,2435636,-1,0,0,813,0,tRNA pseudouridine(38-40) synthase
b2325,yfcL,0,2443891,2444169,-1,0,0,279,0,protein YfcL
b2326,epmC,0,2444203,2444751,-1,0,0,549,0,EF-P-Lys34 hydroxylase
b2331,smrB,0,2448606,2449157,1,0,0,552,0,putative endonuclease SmrB
b2334,yfcQ,0,2450587,2451075,-1,0,0,489,0,putative fimbrial protein YfcQ
b2348,argW,0,2466309,2466383,1,0,0,75,0,
b2353,tfaS,0,2470803,2471105,1,0,0,303,0,pseudogene
b4545,ypdJ,0,2476094,2476234,1,0,0,141,0,CPS-53 (KpLE1) prophage; putative uncharacterized protein YpdJ
b4643,pawZ,0,2476584,2476598,1,0,0,15,0,pseudogene
b2369,evgA,0,2483755,2484369,1,0,0,615,0,DNA-binding transcriptional activator EvgA
b2376,ypdI,0,2494698,2494973,1,0,0,276,0,colanic acid synthesis putative lipoprotein YpdI
b4680,ypdK,0,2496921,2496992,1,0,0,72,0,putative membrane protein YpdK
b2394,insL3,0,2514331,2515443,1,0,0,1113,0,putative IS186/IS421 transposase
b2396,alaX,0,2518041,2518116,-1,0,0,76,0,
b2397,alaW,0,2518156,2518231,-1,0,0,76,0,
b2401,valU,0,2520931,2521006,1,0,0,76,0,
b2402,valX,0,2521051,2521126,1,0,0,76,0,
b2403,valY,0,2521173,2521248,1,0,0,76,0,
b2404,lysV,0,2521253,2521328,1,0,0,76,0,
b2410,yfeH,0,2526946,2527944,1,0,0,999,0,putative solute:Na(+) symporter
b2415,ptsH,0,2533764,2534021,1,0,0,258,0,phosphocarrier protein HPr
b2416,ptsI,0,2534066,2535793,1,0,0,1728,0,PTS enzyme I
b2417,crr,0,2535834,2536343,1,0,0,510,0,Enzyme IIA(Glc)
b2432,yfeY,0,2550641,2551216,-1,0,0,576,0,DUF1131 domain-containing lipoprotein YfeY
b2442,intZ,0,2558858,2560066,1,0,0,1209,0,CPZ-55 prophage; putative phage integrase IntZ
b2443,yffL,0,2560257,2560898,1,0,0,642,0,CPZ-55 prophage; uncharacterized protein YffL
b2444,yffM,0,2561368,2561613,1,0,0,246,0,CPZ-55 prophage; uncharacterized protein YffM
b2445,yffN,0,2561625,2561993,1,0,0,369,0,CPZ-55 prophage; uncharacterized protein YffN
b2446,yffO,0,2562111,2562527,1,0,0,417,0,CPZ-55 prophage; uncharacterized protein YffO
b2447,yffP,0,2562524,2563117,1,0,0,594,0,CPZ-55 prophage; uncharacterized protein YffP
b2448,yffQ,0,2563592,2563969,1,0,0,378,0,CPZ-55 prophage; uncharacterized protein YffQ
b2449,yffR,0,2563980,2564372,1,0,0,393,0,CPZ-55 prophage; uncharacterized protein YffR
b2450,yffS,0,2564523,2565332,1,0,0,810,0,CPZ-55 prophage; uncharacterized protein YffS
b2454,eutJ,0,2569501,2570337,-1,0,0,837,0,putative chaperonin, ethanolamine utilization protein
b2459,eutT,0,2573502,2574305,-1,0,0,804,0,putative ethanolamine utilization cobalamin adenosyltransferase
b2462,eutS,0,2575470,2575805,-1,0,0,336,0,putative structural protein, ethanolamine utilization microcompartment
b4547,ypfN,0,2592762,2592962,1,0,0,201,0,UPF0370 protein YpfN
b2473,ypfH,0,2593072,2593770,-1,0,0,699,0,esterase YpfH
b2495,yfgD,0,2617578,2617937,1,0,0,360,0,putative oxidoreductase YfgD
b2510,yfgJ,0,2635599,2635814,-1,0,0,216,0,zinc ribbon domain-containing protein YfgJ
b2513,yfgM,0,2638663,2639283,-1,0,0,621,0,ancillary SecYEG translocon subunit
b2518,ndk,0,2644433,2644864,-1,0,0,432,0,nucleoside diphosphate kinase
b2524,iscX,0,2656536,2656736,-1,0,0,201,0,accessory iron-sulfur cluster assembly protein IscX
b2525,fdx,0,2656748,2657083,-1,0,0,336,0,reduced ferredoxin
b2527,hscB,0,2658952,2659467,-1,0,0,516,0,co-chaperone for [Fe-S] cluster biosynthesis
b2528,iscA,0,2659563,2659886,-1,0,0,324,0,iron-sulfur cluster insertion protein IscA
b2531,iscR,0,2661643,2662131,-1,0,0,489,0,DNA-binding transcriptional dual regulator IscR
b4706,iroK,0,2668006,2668071,-1,0,0,66,0,protein IroK
b4441,glmY,0,2691157,2691340,-1,0,0,184,0,
b2559,tadA,0,2697354,2697857,-1,0,0,504,0,tRNA adenosine(34) deaminase
b4687,shoB,0,2700117,2700197,-1,0,0,81,0,toxic peptide ShoB
b4608,ohsC,0,2700520,2700596,1,0,0,77,0,
b2563,acpS,0,2700618,2700998,-1,0,0,381,0,holo-[acyl-carrier-protein] synthase
b2569,lepA,0,2705325,2707124,-1,0,0,1800,0,elongation factor 4
b2573,rpoE,0,2709437,2710012,-1,0,0,576,0,RNA polymerase sigma E factor
b4725,rseD,0,2710009,2710164,-1,0,0,156,0,rpoE leader peptide
b2586,yfiM,0,2724128,2724451,1,0,0,324,0,protein YfiM
b2588,rrfG,0,2726069,2726188,-1,0,0,120,0,
b2589,rrlG,0,2726281,2729184,-1,0,0,2904,0,
b2590,gltW,0,2729369,2729444,-1,0,0,76,0,
b2591,rrsG,0,2729616,2731157,-1,0,0,1542,0,
b2595,bamD,0,2736146,2736883,1,0,0,738,0,outer membrane protein assembly factor BamD
b2598,pheL,0,2737599,2737646,1,0,0,48,0,phe operon leader peptide
b2603,yfiR,0,2741875,2742393,1,0,0,519,0,DUF4154 domain-containing protein YfiR
b2606,rplS,0,2744183,2744530,-1,0,0,348,0,50S ribosomal subunit protein L19
b2609,rpsP,0,2745937,2746185,-1,0,0,249,0,30S ribosomal subunit protein S16
b2614,grpE,0,2750115,2750708,-1,0,0,594,0,nucleotide exchange factor GrpE
b2619,ratA,0,2754288,2754764,-1,0,0,477,0,ribosome association toxin RatA
b2620,smpB,0,2754896,2755378,1,0,0,483,0,SsrA-binding protein
b2621,ssrA,0,2755593,2755955,1,0,0,363,0,
b2624,alpA,0,2758644,2758856,1,0,0,213,0,CP4-57 prophage; DNA-binding transcriptional activator AlpA
b2631,rnlB,0,2766984,2767355,1,0,0,372,0,CP4-57 prophage; antitoxin RnlB
b4645,psaA,0,2777972,2777985,1,0,0,14,0,pseudogene
b2649,ypjB,0,2783638,2784429,-1,0,0,792,0,DUF5508 domain-containing protein YpjB
b2652,ileY,0,2785762,2785837,-1,0,0,76,0,
b2664,csiR,0,2795674,2796336,1,0,0,663,0,DNA-binding transcriptional repressor CsiR
b2665,kbp,0,2796337,2796786,-1,0,0,450,0,K(+) binding protein
b2670,alaE,0,2799164,2799613,1,0,0,450,0,L-alanine exporter
b2673,nrdH,0,2800723,2800968,1,0,0,246,0,glutaredoxin-like protein
b2683,ygaH,0,2810344,2810679,1,0,0,336,0,L-valine exporter subunit YgaH
b2684,mprA,0,2810770,2811300,1,0,0,531,0,DNA-binding transcriptional repressor MprA
b2691,argQ,0,2817784,2817860,-1,0,0,77,0,
b2692,argZ,0,2818059,2818135,-1,0,0,77,0,
b2693,argY,0,2818198,2818274,-1,0,0,77,0,
b2694,argV,0,2818473,2818549,-1,0,0,77,0,
b2695,serV,0,2818553,2818645,-1,0,0,93,0,
b2696,csrA,0,2818961,2819146,-1,0,0,186,0,carbon storage regulator
b2704,srlB,0,2827362,2827733,1,0,0,372,0,sorbitol-specific PTS enzyme IIA component
b2720,hycF,0,2844210,2844752,-1,0,0,543,0,formate hydrogenlyase subunit HycF
b2728,hypC,0,2851864,2852136,1,0,0,273,0,hydrogenase 3 maturation protein HypC
b2746,ispF,0,2871301,2871780,-1,0,0,480,0,2-C-methyl-D-erythritol 2,4-cyclodiphosphate synthase
b2747,ispD,0,2871780,2872490,-1,0,0,711,0,2-C-methyl-D-erythritol 4-phosphate cytidylyltransferase
b2748,ftsB,0,2872509,2872820,-1,0,0,312,0,cell division protein FtsB
b4682,yqcG,0,2905557,2905697,1,0,0,141,0,cell envelope stress response protein YqcG
b2779,eno,0,2906643,2907941,-1,0,0,1299,0,enolase
b2800,fucA,0,2933041,2933688,-1,0,0,648,0,L-fuculose-phosphate aldolase
b2814,metZ,0,2947387,2947463,1,0,0,77,0,
b2815,metW,0,2947497,2947573,1,0,0,77,0,
b2816,metV,0,2947607,2947683,1,0,0,77,0,
b2823,ppdC,0,2962441,2962764,-1,0,0,324,0,putative YgdA
b2830,rppH,0,2968447,2968977,-1,0,0,531,0,RNA pyrophosphohydrolase
b4444,omrA,0,2976102,2976189,-1,0,0,88,0,
b4445,omrB,0,2976304,2976385,-1,0,0,82,0,
b4683,yqeL,0,2989819,2989899,-1,0,0,81,0,uncharacterized protein YqeL
b2851,ygeG,0,2991268,2991759,1,0,0,492,0,TPR repeat-containing putative chaperone YgeG
b2854,pbl,0,2993939,2994441,1,0,0,503,0,pseudogene
b2855,ygeK,0,2994460,2994903,-1,0,0,444,0,pseudogene
b2856,ygeL,0,2994937,2995092,-1,0,0,156,0,pseudogene
b2860,insD4,0,2996372,2997277,-1,0,0,906,0,IS2 insertion element protein InsB
b2861,insC4,0,2997235,2997600,-1,0,0,366,0,IS2 insertion element repressor InsA
b2864,glyU,0,2998984,2999057,-1,0,0,74,0,
b2906,ubiI,0,3051115,3052317,-1,0,0,1203,0,2-octaprenylphenol hydroxylase
b2910,zapA,0,3055612,3055941,1,0,0,330,0,cell division protein ZapA
b2928,yggC,0,3073976,3074689,-1,0,0,714,0,P-loop NTPase domain-containing protein YggC
b2939,yqgB,0,3085920,3086051,-1,0,0,132,0,acid stress response protein YqgB
b2940,yqgC,0,3086187,3086402,1,0,0,216,0,protein YqgC
b2949,yqgF,0,3093500,3093916,1,0,0,417,0,ribonuclease H-like domain containing nuclease
b2962,yggX,0,3104093,3104368,1,0,0,276,0,putative Fe(2(+))-trafficking protein
b2967,pheV,0,3110366,3110441,1,0,0,76,0,
b2977,glcG,0,3123827,3124231,-1,0,0,405,0,putative heme-binding protein GlcG
b2982,insH9,0,3130178,3131194,1,0,0,1017,0,IS5 transposase and trans-activator
b4755,yqhI,0,3147597,3147740,-1,0,0,144,0,protein YqhI
b3006,exbB,0,3151250,3151984,-1,0,0,735,0,Ton complex subunit ExbB
b3018,plsC,0,3162744,3163481,-1,0,0,738,0,1-acylglycerol-3-phosphate O-acyltransferase
b3021,mqsA,0,3167851,3168246,-1,0,0,396,0,antitoxin of the MqsRA toxin-antitoxin system/DNA-binding transcriptional repressor MqsA
b3029,ygiN,0,3173142,3173456,1,0,0,315,0,putative quinol monooxygenase YgiN
b3034,nudF,0,3177281,3177910,-1,0,0,630,0,ADP-sugar pyrophosphatase
b3042,ubiK,0,3184840,3185130,1,0,0,291,0,ubiquinone biosynthesis accessory factor UbiK
b3044,insC5,0,3186187,3186552,1,0,0,366,0,IS2 insertion element repressor InsA
b3045,insD5,0,3186510,3187415,1,0,0,906,0,IS2 insertion element protein InsB
b4447,sibD,0,3194721,3194865,-1,0,0,145,0,
b4664,ibsD,0,3194766,3194825,1,0,0,60,0,putative toxic peptide IbsD
b4611,sibE,0,3195097,3195240,-1,0,0,144,0,
b4666,ibsE,0,3195141,3195200,1,0,0,60,0,toxic peptide IbsE
b3058,folB,0,3204221,3204589,-1,0,0,369,0,dihydroneopterin aldolase
b3064,tsaD,0,3209530,3210543,-1,0,0,1014,0,N(6)-L-threonylcarbamoyladenine synthase, TsaD subunit
b3065,rpsU,0,3210781,3210996,1,0,0,216,0,30S ribosomal subunit protein S21
b3066,dnaG,0,3211107,3212852,1,0,0,1746,0,DNA primase
b3067,rpoD,0,3213047,3214888,1,0,0,1842,0,RNA polymerase, sigma 70 (sigma D) factor
b3069,ileX,0,3215598,3215673,1,0,0,76,0,
b3107,yhaL,0,3255043,3255207,1,0,0,165,0,uncharacterized protein YhaL
b3119,tdcR,0,3267380,3267598,1,0,0,219,0,DNA-binding transcriptional activator TdcR
b3133,agaV,0,3280217,3280690,1,0,0,474,0,N-acetyl-D-galactosamine specific PTS enzyme IIB component
b3148,yraN,0,3295394,3295789,1,0,0,396,0,UPF0102 family protein YraN
b4685,yrbN,0,3307853,3307933,-1,0,0,81,0,uncharacterized protein YrbN
b3163,nlpI,0,3308040,3308924,-1,0,0,885,0,lipoprotein NlpI
b3165,rpsO,0,3311415,3311684,-1,0,0,270,0,30S ribosomal subunit protein S15
b3167,rbfA,0,3312777,3313178,-1,0,0,402,0,30S ribosome binding factor
b3169,nusA,0,3316039,3317526,-1,0,0,1488,0,transcription termination/antitermination protein NusA
b3170,rimP,0,3317554,3318006,-1,0,0,453,0,ribosome maturation factor RimP
b3171,metY,0,3318213,3318289,-1,0,0,77,0,
b3174,leuU,0,3322072,3322158,-1,0,0,87,0,
b3177,folP,0,3324063,3324911,-1,0,0,849,0,dihydropteroate synthase
b3180,yhbY,0,3327790,3328083,1,0,0,294,0,ribosome assembly factor YhbY
b3185,rpmA,0,3332862,3333119,-1,0,0,258,0,50S ribosomal subunit protein L27
b3186,rplU,0,3333140,3333451,-1,0,0,312,0,50S ribosomal subunit protein L21
b3198,kdsC,0,3342273,3342839,1,0,0,567,0,3-deoxy-D-manno-octulosonate 8-phosphate phosphatase KdsC
b3200,lptA,0,3343380,3343937,1,0,0,558,0,lipopolysaccharide transport system protein LptA
b3201,lptB,0,3343944,3344669,1,0,0,726,0,lipopolysaccharide transport system ATP binding protein
b3218,insH10,0,3365702,3366718,-1,0,0,1017,0,IS5 transposase and trans-activator
b3228,sspB,0,3376279,3376776,-1,0,0,498,0,ClpXP protease specificity-enhancing factor
b3230,rpsI,0,3377815,3378207,-1,0,0,393,0,30S ribosomal subunit protein S9
b3231,rplM,0,3378223,3378651,-1,0,0,429,0,50S ribosomal subunit protein L13
b3239,yhcO,0,3385857,3386129,-1,0,0,273,0,putative barnase inhibitor
b3249,mreD,0,3398387,3398875,-1,0,0,489,0,cell shape determining protein MreD
b3272,rrfF,0,3423423,3423542,-1,0,0,120,0,
b3273,thrV,0,3423580,3423655,-1,0,0,76,0,
b3274,rrfD,0,3423668,3423787,-1,0,0,120,0,
b3275,rrlD,0,3423880,3426783,-1,0,0,2904,0,
b3276,alaU,0,3426958,3427033,-1,0,0,76,0,
b3277,ileU,0,3427076,3427152,-1,0,0,77,0,
b3278,rrsD,0,3427221,3428762,-1,0,0,1542,0,
b3280,yrdB,0,3429766,3430023,-1,0,0,258,0,conserved protein YrdB
b3281,aroE,0,3430020,3430838,-1,0,0,819,0,shikimate dehydrogenase
b3282,tsaC,0,3430843,3431415,-1,0,0,573,0,threonylcarbamoyl-AMP synthase
b3290,trkA,0,3436518,3437894,1,0,0,1377,0,NAD-binding component of Trk potassium transporters
b3294,rplQ,0,3439616,3439999,-1,0,0,384,0,50S ribosomal subunit protein L17
b3295,rpoA,0,3440040,3441029,-1,0,0,990,0,RNA polymerase subunit alpha
b3297,rpsK,0,3441709,3442098,-1,0,0,390,0,30S ribosomal subunit protein S11
b3299,rpmJ,0,3442618,3442734,-1,0,0,117,0,50S ribosomal subunit protein L36
b3301,rplO,0,3444105,3444539,-1,0,0,435,0,50S ribosomal subunit protein L15
b3302,rpmD,0,3444543,3444722,-1,0,0,180,0,50S ribosomal subunit protein L30
b3303,rpsE,0,3444726,3445229,-1,0,0,504,0,30S ribosomal subunit protein S5
b3304,rplR,0,3445244,3445597,-1,0,0,354,0,50S ribosomal subunit protein L18
b3306,rpsH,0,3446153,3446545,-1,0,0,393,0,30S ribosomal subunit protein S8
b3307,rpsN,0,3446579,3446884,-1,0,0,306,0,30S ribosomal subunit protein S14
b3308,rplE,0,3446899,3447438,-1,0,0,540,0,50S ribosomal subunit protein L5
b3309,rplX,0,3447453,3447767,-1,0,0,315,0,50S ribosomal subunit protein L24
b3311,rpsQ,0,3448314,3448568,-1,0,0,255,0,30S ribosomal subunit protein S17
b3312,rpmC,0,3448568,3448759,-1,0,0,192,0,50S ribosomal subunit protein L29
b3313,rplP,0,3448759,3449169,-1,0,0,411,0,50S ribosomal subunit protein L16
b3314,rpsC,0,3449182,3449883,-1,0,0,702,0,30S ribosomal subunit protein S3
b3315,rplV,0,3449901,3450233,-1,0,0,333,0,50S ribosomal subunit protein L22
b3316,rpsS,0,3450248,3450526,-1,0,0,279,0,30S ribosomal subunit protein S19
b3317,rplB,0,3450543,3451364,-1,0,0,822,0,50S ribosomal subunit protein L2
b3318,rplW,0,3451382,3451684,-1,0,0,303,0,50S ribosomal subunit protein L23
b3321,rpsJ,0,3452959,3453270,-1,0,0,312,0,30S ribosomal subunit protein S10
b3339,tufA,0,3470145,3471329,-1,0,0,1185,0,translation elongation factor Tu 1
b3341,rpsG,0,3473542,3474081,-1,0,0,540,0,30S ribosomal subunit protein S7
b3343,tusB,0,3474678,3474965,-1,0,0,288,0,sulfurtransferase complex subunit TusB
b3344,tusC,0,3474973,3475332,-1,0,0,360,0,sulfurtransferase complex subunit TusC
b3345,tusD,0,3475332,3475718,-1,0,0,387,0,sulfurtransferase complex subunit TusD
b3357,crp,0,3486120,3486752,1,0,0,633,0,DNA-binding transcriptional dual regulator CRP
b3366,nirD,0,3496551,3496877,1,0,0,327,0,nitrite reductase subunit NirD
b3398,igaA,0,3526469,3528604,1,0,0,2136,0,inner membrane protein-inhibits the Rcs signaling pathway
b3406,greB,0,3536812,3537288,1,0,0,477,0,transcription elongation factor GreB
b3433,asd,0,3573775,3574878,-1,0,0,1104,0,aspartate-semialdehyde dehydrogenase
b4451,ryhB,0,3580927,3581016,-1,0,0,90,0,
b3444,insA6,0,3583483,3583758,1,0,0,276,0,IS1 protein InsA
b3445,insB6,0,3583677,3584180,1,0,0,504,0,IS1 protein InsB
b4612,yrhD,0,3584404,3584559,1,0,0,156,0,uncharacterized protein YrhD
b3455,livG,0,3593439,3594206,-1,0,0,768,0,branched chain amino acid/phenylalanine ABC transporter ATP binding subunit LivG
b3470,tusA,0,3608751,3608996,-1,0,0,246,0,sulfur transfer protein TusA
b4552,yrhC,0,3623887,3624132,1,0,0,246,0,pseudogene
b4613,dinQ,0,3647705,3647788,-1,0,0,84,0,UV inducible membrane toxin DinQ
b4712,agrA,0,3648063,3648146,1,0,0,84,0,
b4713,agrB,0,3648294,3648377,1,0,0,84,0,
b3505,insH11,0,3652182,3653198,-1,0,0,1017,0,IS5 transposase and trans-activator
b4704,arrS,0,3657986,3658054,-1,0,0,69,0,
b3517,gadA,0,3666180,3667580,-1,0,0,1401,0,glutamate decarboxylase A
b4454,rdlD,0,3700136,3700199,1,0,0,64,0,
b3545,proK,0,3708616,3708692,-1,0,0,77,0,
b3555,yiaG,0,3719478,3719768,1,0,0,291,0,putative DNA-binding transcriptional regulator YiaG
b3556,cspA,0,3720049,3720261,1,0,0,213,0,cold shock protein CspA
b4614,sokA,0,3722076,3722105,1,0,0,30,0,pseudogene
b3576,yiaL,0,3743743,3744210,1,0,0,468,0,DUF386 domain-containing protein YiaL
b3577,yiaM,0,3744328,3744801,1,0,0,474,0,2,3-diketo-L-gulonate:Na(+) symporter-membrane subunit
b4648,ysaC,0,3750813,3750914,-1,0,0,102,0,pseudogene
b4649,ysaD,0,3750918,3751109,1,0,0,192,0,pseudogene
b3593,rhsA,0,3762183,3766316,1,0,0,4134,0,rhs element protein RhsA
b4615,yibV,0,3769345,3769680,1,0,0,336,0,PF15596 family protein YibV
b4652,yibU,0,3769948,3770146,1,0,0,199,0,pseudogene
b3619,rfaD,0,3793987,3794919,1,0,0,933,0,ADP-L-glycero-D-mannoheptose 6-epimerase
b3631,waaG,0,3805943,3807067,-1,0,0,1125,0,lipopolysaccharide glucosyltransferase I
b3634,coaD,0,3809825,3810304,1,0,0,480,0,pantetheine-phosphate adenylyltransferase
b3636,rpmG,0,3811250,3811417,-1,0,0,168,0,50S ribosomal subunit protein L33
b3637,rpmB,0,3811438,3811674,-1,0,0,237,0,50S ribosomal subunit protein L28
b3639,dfp,0,3812731,3813951,1,0,0,1221,0,fused 4'-phosphopantothenoylcysteine decarboxylase and phosphopantothenoylcysteine synthetase
b3649,rpoZ,0,3822106,3822381,1,0,0,276,0,RNA polymerase subunit omega
b3658,selC,0,3836222,3836316,1,0,0,95,0,
b4653,yicT,0,3836425,3836556,1,0,0,132,0,pseudogene
b3670,ilvN,0,3850802,3851092,-1,0,0,291,0,acetohydroxy acid synthase I subunit IlvN
b3672,ivbL,0,3852890,3852988,-1,0,0,99,0,ilvBN operon leader peptide
b4616,istR,0,3853118,3853257,-1,0,0,140,0,
b4618,tisB,0,3853553,3853642,1,0,0,90,0,membrane-depolarizing toxin TisB
b3699,gyrB,0,3877705,3880119,-1,0,0,2415,0,DNA gyrase subunit B
b4757,ysdD,0,3884026,3884106,1,0,0,81,0,protein YsdD
b3703,rpmH,0,3884336,3884476,1,0,0,141,0,50S ribosomal subunit protein L34
b3704,rnpA,0,3884493,3884852,1,0,0,360,0,RNase P protein component
b3724,phoU,0,3906853,3907578,-1,0,0,726,0,negative regulator of the pho regulon
b3735,atpH,0,3919870,3920403,-1,0,0,534,0,ATP synthase F1 complex subunit delta
b3738,atpB,0,3921236,3922051,-1,0,0,816,0,ATP synthase Fo complex subunit a
b3739,atpI,0,3922060,3922440,-1,0,0,381,0,ATP synthase accessory factor
b3756,rrsC,0,3941808,3943349,1,0,0,1542,0,
b3757,gltU,0,3943435,3943510,1,0,0,76,0,
b3758,rrlC,0,3943704,3946607,1,0,0,2904,0,
b3759,rrfC,0,3946700,3946819,1,0,0,120,0,
b3760,aspT,0,3946872,3946948,1,0,0,77,0,
b4669,ilvX,0,3950507,3950557,1,0,0,51,0,uncharacterized protein IlvX
b3782,rhoL,0,3966231,3966332,1,0,0,102,0,rho operon leader peptide
b3792,wzxE,0,3976278,3977528,1,0,0,1251,0,lipid III flippase
b3796,argX,0,3982375,3982451,1,0,0,77,0,
b3797,hisR,0,3982509,3982585,1,0,0,77,0,
b3798,leuT,0,3982606,3982692,1,0,0,87,0,
b3799,proM,0,3982735,3982811,1,0,0,77,0,
b4558,yifL,0,3994522,3994725,1,0,0,204,0,putative lipoprotein YifL
b3809,dapF,0,3994762,3995586,1,0,0,825,0,diaminopimelate epimerase
b3811,xerC,0,3996287,3997183,1,0,0,897,0,site-specific tyrosine recombinase
b3836,tatA,0,4021945,4022214,1,0,0,270,0,twin arginine protein translocation system-TatA protein
b3850,hemG,0,4034608,4035153,1,0,0,546,0,protoporphyrinogen oxidase
b3851,rrsA,0,4035531,4037072,1,0,0,1542,0,
b3852,ileT,0,4037141,4037217,1,0,0,77,0,
b3853,alaT,0,4037260,4037335,1,0,0,76,0,
b3855,rrfA,0,4040517,4040636,1,0,0,120,0,
b3860,dsbA,0,4043418,4044044,1,0,0,627,0,thiol:disulfide oxidoreductase DsbA
b3912,cpxR,0,4104972,4105670,-1,0,0,699,0,DNA-binding transcriptional dual regulator CpxR
b4484,cpxP,0,4105820,4106320,1,0,0,501,0,periplasmic protein CpxP
b4716,cpxQ,0,4106330,4106387,1,0,0,58,0,
b3919,tpiA,0,4110740,4111507,-1,0,0,768,0,triose-phosphate isomerase
b3921,yiiR,0,4112315,4112755,1,0,0,441,0,DUF805 domain-containing protein YiiR
b3936,rpmE,0,4127013,4127225,1,0,0,213,0,50S ribosomal subunit protein L31
b3938,metJ,0,4128078,4128395,-1,0,0,318,0,DNA-binding transcriptional repressor MetJ
b4458,oxyS,0,4158285,4158394,-1,0,0,110,0,
b3967,murI,0,4165428,4166285,1,0,0,858,0,glutamate racemase
b3968,rrsB,0,4166659,4168200,1,0,0,1542,0,
b3969,gltT,0,4168372,4168447,1,0,0,76,0,
b3970,rrlB,0,4168641,4171544,1,0,0,2904,0,
b3971,rrfB,0,4171637,4171756,1,0,0,120,0,
b3972,murB,0,4172057,4173085,1,0,0,1029,0,UDP-N-acetylenolpyruvoylglucosamine reductase
b3976,thrU,0,4175388,4175463,1,0,0,76,0,
b3977,tyrU,0,4175472,4175556,1,0,0,85,0,
b3978,glyT,0,4175673,4175747,1,0,0,75,0,
b3979,thrT,0,4175754,4175829,1,0,0,76,0,
b3980,tufB,0,4175944,4177128,1,0,0,1185,0,translation elongation factor Tu 2
b3983,rplK,0,4178447,4178875,1,0,0,429,0,50S ribosomal subunit protein L11
b3984,rplA,0,4178879,4179583,1,0,0,705,0,50S ribosomal subunit protein L1
b4000,hupA,0,4200281,4200553,1,0,0,273,0,DNA-binding protein HU-alpha
b4007,rrsE,0,4208147,4209688,1,0,0,1542,0,
b4008,gltV,0,4209774,4209849,1,0,0,76,0,
b4009,rrlE,0,4210043,4212946,1,0,0,2904,0,
b4010,rrfE,0,4213040,4213159,1,0,0,120,0,
b4011,yjaA,0,4213234,4213617,1,0,0,384,0,stress response protein
b4042,dgkA,0,4256637,4257005,1,0,0,369,0,diacylglycerol kinase
b4043,lexA,0,4257115,4257723,1,0,0,609,0,DNA-binding transcriptional repressor LexA
b4047,yjbL,0,4260321,4260575,1,0,0,255,0,uncharacterized protein YjbL
b4059,ssb,0,4274125,4274661,1,0,0,537,0,ssDNA-binding protein
b4459,ryjA,0,4277927,4278066,-1,0,0,140,0,
b4090,rpiB,0,4313350,4313799,1,0,0,450,0,allose-6-phosphate isomerase/ribose-5-phosphate isomerase B
b4100,phnH,0,4320663,4321247,-1,0,0,585,0,carbon-phosphorus lyase core complex subunit PhnH
b4703,pmrR,0,4332116,4332205,1,0,0,90,0,putative bitopic inner membrane protein
b4134,pheU,0,4362551,4362626,-1,0,0,76,0,
b4148,gdx,0,4376875,4377192,1,0,0,318,0,guanidinium exporter
b4161,rsgA,0,4390457,4391509,-1,0,0,1053,0,ribosome small subunit-dependent GTPase A
b4163,glyV,0,4392360,4392435,1,0,0,76,0,
b4164,glyX,0,4392472,4392547,1,0,0,76,0,
b4165,glyY,0,4392583,4392658,1,0,0,76,0,
b4670,yjeV,0,4392892,4392945,1,0,0,54,0,uncharacterized protein YjeV
b4168,tsaE,0,4395585,4396046,1,0,0,462,0,N(6)-L-threonylcarbamoyladenine synthase, TsaE subunit
b4171,miaA,0,4399252,4400202,1,0,0,951,0,tRNA dimethylallyltransferase
b4172,hfq,0,4400288,4400596,1,0,0,309,0,RNA-binding protein Hfq
b4190,yjfP,0,4416952,4417701,1,0,0,750,0,carboxylesterase
b4196,ulaD,0,4422186,4422836,1,0,0,651,0,3-keto-L-gulonate-6-phosphate decarboxylase UlaD
b4200,rpsF,0,4425118,4425513,1,0,0,396,0,30S ribosomal subunit protein S6
b4201,priB,0,4425520,4425834,1,0,0,315,0,primosomal replication protein N
b4202,rpsR,0,4425839,4426066,1,0,0,228,0,30S ribosomal subunit protein S18
b4203,rplI,0,4426108,4426557,1,0,0,450,0,50S ribosomal subunit protein L9
b4222,ytfP,0,4447894,4448235,1,0,0,342,0,gamma-glutamylamine cyclotransferase family protein YtfP
b4223,yzfA,0,4447976,4448245,-1,0,0,270,0,putative YjfA
b4702,mgtL,0,4467431,4467484,1,0,0,54,0,leader peptide MgtL
b4246,pyrL,0,4472399,4472533,-1,0,0,135,0,pyrBI operon leader peptide
b4272,insC6,0,4498272,4498637,1,0,0,366,0,KpLE2 phage-like element; IS2 insertion element repressor InsA
b4273,insD6,0,4498595,4499500,1,0,0,906,0,KpLE2 phage-like element; IS2 insertion element protein InsB
b4284,insI3,0,4507466,4508617,-1,0,0,1152,0,KpLE2 phage-like element; IS30 transposase
b4624,ryjB,0,4527977,4528066,1,0,0,90,0,
b4720,ytiC,0,4556574,4556675,1,0,0,102,0,protein YtiC
b4722,idlP,0,4556913,4556996,1,0,0,84,0,iraD leader peptide
b4341,yjiS,0,4571751,4571915,1,0,0,165,0,DUF1127 domain-containing protein YjiS
b4625,symR,0,4579835,4579911,1,0,0,77,0,
b4361,dnaC,0,4600238,4600975,-1,0,0,738,0,DNA replication protein DnaC
b4368,leuV,0,4606079,4606165,-1,0,0,87,0,
b4369,leuP,0,4606200,4606286,-1,0,0,87,0,
b4370,leuQ,0,4606315,4606401,-1,0,0,87,0,
b4374,yjjG,0,4608646,4609323,1,0,0,678,0,pyrimidine nucleotidase
b4568,ytjA,0,4612128,4612289,1,0,0,162,0,DUF1328 domain-containing protein YtjA
b4394,yjjX,0,4633233,4633745,-1,0,0,513,0,ITPase/XTPase
b4401,arcA,0,4639590,4640306,-1,0,0,717,0,DNA-binding transcriptional dual regulator ArcA
b4402,yjjY,0,4640402,4640542,1,0,0,141,0,protein YjjY
